epi_week,date,country,state,city,newDeaths,deaths,newCases,totalCases,deathsMS,totalCasesMS,deaths_per_100k_inhabitants,totalCases_per_100k_inhabitants,deaths_by_totalCases,recovered,suspects,tests,tests_per_100k_inhabitants,vaccinated,vaccinated_per_100k_inhabitants,vaccinated_second,vaccinated_second_per_100k_inhabitants
115,2021-04-15,Brazil,AC,TOTAL,9,1383,131,74664,1383,74664,156.81428,8465.93003,0.01852,62122,44233,193561,21947.30904,80246,9098.85649,19089,2164.44523
115,2021-04-15,Brazil,AL,TOTAL,24,3898,789,163807,3898,163807,116.79901,4908.28521,0.02380,156009,8803,399727,11977.35214,399384,11967.07454,124192,3721.26806
115,2021-04-15,Brazil,AM,TOTAL,18,12337,893,361628,12337,361628,297.66465,8725.28740,0.03412,309603,410,904290,21818.52663,521033,12571.37907,184324,4447.33227
115,2021-04-15,Brazil,AP,TOTAL,14,1446,271,102531,1446,102531,170.97635,12123.35837,0.01410,74426,2205,169813,20078.84304,72236,8541.25011,23156,2737.98643
115,2021-04-15,Brazil,BA,TOTAL,141,17000,3831,852458,17000,852458,114.30059,5731.55605,0.01994,819319,190000,1978117,13299.99656,2005623,13484.93491,543460,3653.98818
115,2021-04-15,Brazil,CE,TOTAL,0,15650,0,597518,15650,597518,171.37392,6543.06720,0.02619,411754,87297,1760459,19277.74818,1094476,11984.96114,378080,4140.13109
115,2021-04-15,Brazil,DF,TOTAL,77,7049,965,363344,7049,363344,233.77690,12050.13949,0.01940,344807,661,782118,25938.58987,337449,11191.34352,128030,4246.05707
115,2021-04-15,Brazil,ES,TOTAL,95,8507,2269,411584,8506,411413,211.68800,10241.84739,0.02067,379771,242843,1193052,29687.88026,551069,13712.78912,128894,3207.39552
115,2021-04-15,Brazil,GO,TOTAL,154,13460,2777,520713,13375,518753,191.78286,7419.30373,0.02585,494074,427613,1034706,14742.85851,697957,9944.73918,210167,2994.53405
115,2021-04-15,Brazil,MA,TOTAL,46,6737,390,252848,6737,252848,95.22018,3573.73189,0.02664,227535,2815,609020,8607.83632,644150,9104.36072,194659,2751.29357
115,2021-04-15,Brazil,MG,TOTAL,469,29105,9806,1257064,29105,1257064,137.49014,5938.28906,0.02315,1142813,2675975,3605959,17034.31717,2529995,11951.53280,864604,4084.33339
115,2021-04-15,Brazil,MS,TOTAL,44,5099,1062,235010,5055,233948,183.48419,8456.68168,0.02170,215207,2538,716190,25771.63037,403296,14512.34371,156284,5623.77788
115,2021-04-15,Brazil,MT,TOTAL,72,8937,2297,338597,8786,336562,256.48119,9717.32828,0.02639,311244,48576,1039067,29819.97815,300240,8616.52833,101304,2907.30344
115,2021-04-15,Brazil,PA,TOTAL,80,11635,2392,448256,11555,445864,135.24564,5210.54323,0.02596,417576,720,980727,11400.00453,917440,10664.35426,283268,3292.71702
115,2021-04-15,Brazil,PB,TOTAL,31,6347,1368,276669,6347,276669,157.95917,6885.52154,0.02294,193852,77408,763570,19003.13255,559665,13928.50450,178957,4453.74176
115,2021-04-15,Brazil,PE,TOTAL,63,13051,1868,376983,13051,376983,136.55858,3944.54535,0.03462,319407,8487,1493167,15623.68847,1144274,11973.06162,375273,3926.65284
115,2021-04-15,Brazil,PI,TOTAL,34,4693,1539,224790,4659,223251,143.37533,6867.53470,0.02088,218770,3678,649099,19830.55254,345476,10554.59948,92519,2826.53785
115,2021-04-15,Brazil,PR,TOTAL,271,19986,3891,896931,19986,896931,174.79513,7844.44965,0.02228,641868,12241,2844751,24879.84693,1350397,11810.40824,393757,3443.75093
115,2021-04-15,Brazil,RJ,TOTAL,338,40429,4249,693046,40429,693046,234.16816,4014.18064,0.05834,644412,52017,2313502,13399.99790,1790789,10372.40030,491476,2846.67027
115,2021-04-15,Brazil,RN,TOTAL,26,5084,601,212802,5019,210458,144.97329,6068.17565,0.02389,150649,52838,679086,19364.54137,412583,11765.04975,120256,3429.17140
115,2021-04-15,Brazil,RO,TOTAL,38,4704,1148,201848,4704,201848,264.68230,11357.48147,0.02330,180089,278705,529325,29783.79215,186616,10500.41497,43186,2429.96807
115,2021-04-15,Brazil,RR,TOTAL,13,1435,357,93259,1422,92902,236.89211,15395.34569,0.01539,85381,41093,219083,36166.57395,59447,9813.60636,26916,4443.33656
115,2021-04-15,Brazil,RS,TOTAL,233,22798,5578,910522,22798,910522,200.38254,8003.01374,0.02504,873057,13610,3484181,30624.13473,1900601,16705.29203,478526,4205.99409
115,2021-04-15,Brazil,SC,TOTAL,96,12409,3305,848672,12409,848672,173.19424,11845.03994,0.01462,815227,148451,1827719,25509.74293,833142,11628.28544,266342,3717.37447
115,2021-04-15,Brazil,SE,TOTAL,27,3876,673,187656,3876,187656,168.61734,8163.58492,0.02065,170284,2320,386688,16822.05912,265980,11570.90803,88607,3854.66369
115,2021-04-15,Brazil,SP,TOTAL,1060,86535,18067,2704098,86535,2704098,188.45120,5888.83711,0.03200,2333565,1088735,12035827,26210.96748,5934871,12924.63831,2634078,5736.35138
115,2021-04-15,Brazil,TO,TOTAL,18,2345,666,151909,2327,151243,149.09090,9658.10183,0.01544,130487,405,458009,29119.39097,139759,8885.62662,42727,2716.50605
115,2021-04-15,Brazil,TOTAL,TOTAL,3491,365935,71183,13759207,365444,13746681,172.80999,6497.67988,0.02660,12123308,5514677,43050813,20330.41596,25478194,12031.88153,8572131,4048.12306
115,2021-04-16,Brazil,AC,TOTAL,12,1395,383,75047,1395,75047,158.17492,8509.35727,0.01859,62122,44233,193561,21947.30904,81119,9197.84338,19990,2266.60695
115,2021-04-16,Brazil,AL,TOTAL,23,3921,597,164404,3921,164404,117.48818,4926.17362,0.02385,156735,8803,402223,12052.14186,402957,12074.13531,129088,3867.97097
115,2021-04-16,Brazil,AM,TOTAL,15,12352,773,362401,12352,362401,298.02656,8743.93819,0.03408,309603,410,904290,21818.52663,523982,12642.53195,185172,4467.79265
115,2021-04-16,Brazil,AP,TOTAL,10,1456,305,102836,1456,102836,172.15876,12159.42185,0.01416,74779,2205,169813,20078.84304,76039,8990.92028,25166,2975.65065
115,2021-04-16,Brazil,BA,TOTAL,134,17134,3413,855871,17134,855871,115.20155,5754.50358,0.02002,823110,190000,1978117,13299.99656,2010339,13516.64324,573773,3857.79958
115,2021-04-16,Brazil,CE,TOTAL,425,16075,12331,609849,16075,609849,176.02784,6678.09670,0.02636,417260,87297,1780463,19496.80018,1139379,12476.66741,397376,4351.43020
115,2021-04-16,Brazil,DF,TOTAL,76,7125,1108,364452,7125,364452,236.29740,12086.88581,0.01955,344807,661,782118,25938.58987,346897,11504.68217,135737,4501.65624
115,2021-04-16,Brazil,ES,TOTAL,80,8587,2412,413996,8581,413834,213.67872,10301.86754,0.02074,385548,242843,1219503,30346.08637,562096,13987.18475,132585,3299.24228
115,2021-04-16,Brazil,GO,TOTAL,105,13565,2293,523006,13481,521333,193.27894,7451.97521,0.02594,494074,427613,1034706,14742.85851,710028,10116.73107,219617,3129.18100
115,2021-04-16,Brazil,MA,TOTAL,46,6783,1341,254189,6783,254189,95.87034,3592.68547,0.02668,227535,2815,609020,8607.83632,661573,9350.61591,206762,2922.35633
115,2021-04-16,Brazil,MG,TOTAL,433,29538,9207,1266271,29538,1266271,139.53560,5981.78233,0.02333,1151944,2675975,3605959,17034.31717,2591742,12243.22164,911733,4306.96774
115,2021-04-16,Brazil,MS,TOTAL,57,5156,1077,236087,5099,235010,185.53530,8495.43682,0.02184,216864,2538,719266,25882.31823,409221,14725.55097,165269,5947.09725
115,2021-04-16,Brazil,MT,TOTAL,60,8997,2477,341074,8842,338716,258.20312,9788.41521,0.02638,318039,48576,1039067,29819.97815,303084,8698.14772,102615,2944.92757
115,2021-04-16,Brazil,PA,TOTAL,116,11751,2021,450277,11635,448256,136.59403,5234.03541,0.02610,419483,720,980727,11400.00453,925740,10760.83375,322168,3744.89196
115,2021-04-16,Brazil,PB,TOTAL,41,6388,1124,277793,6388,277793,158.97954,6913.49477,0.02300,194049,77408,763570,19003.13255,561983,13986.19307,179448,4465.96138
115,2021-04-16,Brazil,PE,TOTAL,51,13102,1869,378852,13102,378852,137.09221,3964.10155,0.03458,319407,8487,1493167,15623.68847,1156508,12101.07155,396025,4143.79050
115,2021-04-16,Brazil,PI,TOTAL,38,4731,1006,225796,4693,224790,144.53626,6898.26889,0.02095,219695,3678,650828,19883.37503,350018,10693.36163,100807,3079.74363
115,2021-04-16,Brazil,PR,TOTAL,196,20182,5695,902626,20182,902626,176.50932,7894.25743,0.02236,645607,12241,2874680,25141.60233,1358518,11881.43352,411914,3602.54984
115,2021-04-16,Brazil,RJ,TOTAL,287,40716,4717,697763,40716,697763,235.83049,4041.50190,0.05835,648643,52017,2313502,13399.99790,1821802,10552.03020,506684,2934.75629
115,2021-04-16,Brazil,RN,TOTAL,9,5093,0,212802,5045,211050,145.22993,6068.17565,0.02393,150649,52838,679086,19364.54137,414423,11817.51844,122773,3500.94515
115,2021-04-16,Brazil,RO,TOTAL,33,4737,1452,203300,4737,203300,266.53913,11439.18187,0.02330,180089,278705,529325,29783.79215,158120,8897.01642,46574,2620.60234
115,2021-04-16,Brazil,RR,TOTAL,10,1445,315,93574,1435,93259,238.54292,15447.34640,0.01544,85381,41093,219083,36166.57395,60264,9948.47803,27956,4615.02144
115,2021-04-16,Brazil,RS,TOTAL,179,22977,5036,915558,22977,915558,201.95585,8047.27755,0.02510,877989,13610,3500110,30764.14234,1901102,16709.69556,514451,4521.75611
115,2021-04-16,Brazil,SC,TOTAL,71,12480,3678,852350,12480,852350,174.18520,11896.37432,0.01464,815227,148451,1827719,25509.74293,859583,11997.32637,322032,4494.64799
115,2021-04-16,Brazil,SE,TOTAL,27,3903,1003,188659,3903,188659,169.79192,8207.21835,0.02069,170284,2320,386688,16822.05912,268869,11696.58798,96335,4190.85429
115,2021-04-16,Brazil,SP,TOTAL,791,87326,17979,2722077,87326,2722077,190.17380,5927.99080,0.03208,2333565,1088735,12035827,26210.96748,6012103,13092.82995,2885982,6284.93417
115,2021-04-16,Brazil,TO,TOTAL,12,2357,775,152684,2348,151909,149.85383,9707.37494,0.01544,130970,405,460233,29260.78890,142815,9079.92162,45112,2868.14007
115,2021-04-16,Brazil,TOTAL,TOTAL,3337,369272,84387,13843594,368749,13832455,174.38587,6537.53100,0.02667,12173458,5514677,43152651,20378.50817,25810304,12188.71793,9183144,4336.66926
115,2021-04-17,Brazil,AC,TOTAL,10,1405,287,75334,1405,75334,159.30879,8541.89935,0.01865,62122,44233,193561,21947.30904,82890,9398.65183,21448,2431.92526
115,2021-04-17,Brazil,AL,TOTAL,23,3944,1057,165461,3944,165461,118.17735,4957.84538,0.02384,156735,8803,402223,12052.14186,409739,12277.35001,140288,4203.56588
115,2021-04-17,Brazil,AM,TOTAL,10,12362,701,363102,12362,363102,298.26784,8760.85178,0.03405,309603,410,904290,21818.52663,533455,12871.09458,196149,4732.64349
115,2021-04-17,Brazil,AP,TOTAL,8,1464,166,103002,1464,103002,173.10469,12179.04984,0.01421,74779,2205,169813,20078.84304,76039,8990.92028,25166,2975.65065
115,2021-04-17,Brazil,BA,TOTAL,94,17228,3889,859760,17228,859760,115.83356,5780.65152,0.02004,826161,190000,1978117,13299.99656,2016172,13555.86179,605157,4068.81191
115,2021-04-17,Brazil,CE,TOTAL,133,16208,10423,620272,16163,616022,177.48425,6792.23283,0.02613,421558,87297,1790588,19607.67308,1139379,12476.66741,397376,4351.43020
115,2021-04-17,Brazil,DF,TOTAL,47,7172,1194,365646,7172,365646,237.85614,12126.48428,0.01961,344807,661,782118,25938.58987,357299,11849.65980,140229,4650.63139
115,2021-04-17,Brazil,ES,TOTAL,49,8636,1605,415601,8588,413996,214.89804,10341.80633,0.02078,385548,242843,1219503,30346.08637,587097,14609.30910,146214,3638.38603
115,2021-04-17,Brazil,GO,TOTAL,100,13665,763,523769,13647,523287,194.70377,7462.84670,0.02609,498474,427613,1044078,14876.39409,725546,10337.83705,234370,3339.38698
115,2021-04-17,Brazil,MA,TOTAL,41,6824,1092,255281,6824,255281,96.44983,3608.11971,0.02673,227535,2815,609020,8607.83632,665612,9407.70279,210029,2968.53183
115,2021-04-17,Brazil,MG,TOTAL,402,29940,8963,1275234,29940,1275234,141.43462,6024.12296,0.02348,1151944,2675975,3605959,17034.31717,2591742,12243.22164,911733,4306.96774
115,2021-04-17,Brazil,MS,TOTAL,37,5193,928,237015,5156,236087,186.86672,8528.83030,0.02191,216864,2538,719266,25882.31823,417991,15041.13371,173733,6251.66877
115,2021-04-17,Brazil,MT,TOTAL,34,9031,1169,342243,8880,340220,259.17888,9821.96411,0.02639,319484,48576,1039067,29819.97815,317899,9123.32047,110187,3162.23490
115,2021-04-17,Brazil,PA,TOTAL,115,11866,595,450872,11751,450277,137.93079,5240.95171,0.02632,420703,720,980727,11400.00453,933997,10856.81340,343368,3991.32150
115,2021-04-17,Brazil,PB,TOTAL,26,6414,1377,279170,6414,279170,159.62661,6947.76447,0.02298,194049,77408,763570,19003.13255,577263,14366.46975,191573,4767.71889
115,2021-04-17,Brazil,PE,TOTAL,77,13179,1966,380818,13179,380818,137.89790,3984.67271,0.03461,319407,8487,1493167,15623.68847,1161868,12157.15568,404674,4234.28894
115,2021-04-17,Brazil,PI,TOTAL,27,4758,828,226624,4731,225796,145.36114,6923.56503,0.02100,219695,3678,650828,19883.37503,350907,10720.52137,103139,3150.98831
115,2021-04-17,Brazil,PR,TOTAL,115,20297,3125,905751,20297,905751,177.51510,7921.58830,0.02241,645607,12241,2874680,25141.60233,1361204,11904.92495,420934,3681.43767
115,2021-04-17,Brazil,RJ,TOTAL,446,41162,1659,699422,41162,699422,238.41376,4051.11097,0.05885,648643,52017,2313502,13399.99790,1857188,10756.98889,529649,3067.77150
115,2021-04-17,Brazil,RN,TOTAL,13,5106,0,212802,5093,211890,145.60063,6068.17565,0.02399,150649,52838,679086,19364.54137,414423,11817.51844,122773,3500.94515
115,2021-04-17,Brazil,RO,TOTAL,51,4788,428,203728,4788,203728,269.40877,11463.26436,0.02350,180089,278705,529325,29783.79215,158536,8920.42369,46896,2638.72048
115,2021-04-17,Brazil,RR,TOTAL,0,1445,178,93752,1445,93574,238.54292,15476.73092,0.01541,85381,41093,219083,36166.57395,60858,10046.53651,28842,4761.28374
115,2021-04-17,Brazil,RS,TOTAL,144,23121,4868,920426,23121,920426,203.22154,8090.06473,0.02512,877989,13610,3500110,30764.14234,1929651,16960.62639,540084,4747.05682
115,2021-04-17,Brazil,SC,TOTAL,61,12541,2377,854727,12541,854727,175.03658,11929.55046,0.01467,815227,148451,1827719,25509.74293,859583,11997.32637,322032,4494.64799
115,2021-04-17,Brazil,SE,TOTAL,26,3929,914,189573,3929,189573,170.92299,8246.98003,0.02073,170284,2320,386688,16822.05912,271229,11799.25488,99658,4335.41451
115,2021-04-17,Brazil,SP,TOTAL,771,88097,17746,2739823,88097,2739823,191.85284,5966.63707,0.03215,2358583,1088735,12035827,26210.96748,6082633,13246.42634,3006774,6547.98840
115,2021-04-17,Brazil,TO,TOTAL,17,2374,267,152951,2357,152684,150.93466,9724.35033,0.01552,130970,405,460233,29260.78890,144955,9215.97898,46252,2940.61923
115,2021-04-17,Brazil,TOTAL,TOTAL,2877,372149,68565,13912159,371678,13900091,175.74451,6569.91029,0.02675,12212890,5514677,43172148,20387.71548,26085155,12318.51421,9518727,4495.14576
116,2021-04-18,Brazil,AC,TOTAL,13,1418,71,75405,1418,75405,160.78282,8549.94983,0.01881,62798,44233,197954,22445.41831,82872,9396.61086,21448,2431.92526
116,2021-04-18,Brazil,AL,TOTAL,24,3968,1247,166708,3968,166708,118.89648,4995.21028,0.02380,158555,8803,402223,12052.14186,412263,12352.97872,141303,4233.97916
116,2021-04-18,Brazil,AM,TOTAL,9,12371,484,363586,12371,363586,298.48499,8772.52963,0.03402,311360,410,909902,21953.93183,533618,12875.02742,196286,4735.94900
116,2021-04-18,Brazil,AP,TOTAL,3,1467,114,103116,1467,103116,173.45941,12192.52930,0.01423,75190,2205,169813,20078.84304,78421,9272.57012,25939,3067.05087
116,2021-04-18,Brazil,BA,TOTAL,75,17303,2574,862334,17303,862334,116.33783,5797.95797,0.02007,828606,190000,1978117,13299.99656,2038291,13704.58031,622677,4186.60876
116,2021-04-18,Brazil,CE,TOTAL,27,16235,2775,623047,16218,622765,177.77991,6822.62022,0.02606,424581,87297,1803069,19744.34515,1139379,12476.66741,397376,4351.43020
116,2021-04-18,Brazil,DF,TOTAL,38,7210,1062,366708,7210,366708,239.11639,12161.70503,0.01966,348450,661,782118,25938.58987,360178,11945.14053,140433,4657.39695
116,2021-04-18,Brazil,ES,TOTAL,37,8673,1331,416932,8666,416886,215.81875,10374.92690,0.02080,386306,242843,1223143,30436.66405,593299,14763.63953,148226,3688.45259
116,2021-04-18,Brazil,GO,TOTAL,11,13676,644,524413,13672,524021,194.86050,7472.02264,0.02608,499729,427613,1044078,14876.39409,730489,10408.26667,236027,3362.99651
116,2021-04-18,Brazil,MA,TOTAL,42,6866,717,255998,6866,255998,97.04345,3618.25372,0.02682,230904,2815,619742,8759.38015,681194,9627.93743,220828,3121.16397
116,2021-04-18,Brazil,MG,TOTAL,369,30309,4315,1279549,30309,1279549,143.17776,6044.50675,0.02369,1165442,2675975,3605959,17034.31717,2591742,12243.22164,911733,4306.96774
116,2021-04-18,Brazil,MS,TOTAL,31,5224,699,237714,5193,237015,187.98224,8553.98336,0.02198,219268,2538,723933,26050.25718,424980,15292.62832,174681,6285.78194
116,2021-04-18,Brazil,MT,TOTAL,53,9084,653,342896,8930,340876,260.69992,9840.70443,0.02649,320566,48576,1039067,29819.97815,319062,9156.69718,110420,3168.92172
116,2021-04-18,Brazil,PA,TOTAL,34,11900,320,451192,11866,450872,138.32601,5244.67140,0.02637,421399,720,980727,11400.00453,938666,10911.08602,348518,4051.18527
116,2021-04-18,Brazil,PB,TOTAL,30,6444,893,280063,6444,280063,160.37323,6969.98875,0.02301,194389,77408,763570,19003.13255,578608,14399.94306,193020,4803.73069
116,2021-04-18,Brazil,PE,TOTAL,33,13212,1346,382164,13212,382164,138.24319,3998.75652,0.03457,324576,8487,1493167,15623.68847,1165159,12191.59092,410094,4291.00087
116,2021-04-18,Brazil,PI,TOTAL,22,4780,1286,227910,4758,226624,146.03326,6962.85348,0.02097,220534,3678,653212,19956.20835,351887,10750.46124,104171,3182.51683
116,2021-04-18,Brazil,PR,TOTAL,52,20349,1239,906990,20349,906990,177.96988,7932.42444,0.02244,648889,12241,2874680,25141.60233,1373605,12013.38259,426758,3732.37367
116,2021-04-18,Brazil,RJ,TOTAL,148,41310,3927,703349,41310,703349,239.27099,4073.85648,0.05873,653975,52017,2313502,13399.99790,1857188,10756.98889,529649,3067.77150
116,2021-04-18,Brazil,RN,TOTAL,59,5165,2433,215235,5106,212692,147.28305,6137.55410,0.02400,150649,52838,679086,19364.54137,414423,11817.51844,122773,3500.94515
116,2021-04-18,Brazil,RO,TOTAL,13,4801,754,204482,4801,204482,270.14025,11505.69005,0.02348,180089,278705,529325,29783.79215,158536,8920.42369,46896,2638.72048
116,2021-04-18,Brazil,RR,TOTAL,0,1445,38,93790,1445,93752,238.54292,15483.00402,0.01541,86691,41093,219083,36166.57395,60858,10046.53651,28842,4761.28374
116,2021-04-18,Brazil,RS,TOTAL,71,23192,1386,921812,23192,921812,203.84559,8102.24695,0.02516,884729,13610,3520687,30945.00344,1939457,17046.81602,543851,4780.16679
116,2021-04-18,Brazil,SC,TOTAL,41,12582,1175,855902,12582,855902,175.60882,11945.95011,0.01470,822243,148451,1827719,25509.74293,859583,11997.32637,322032,4494.64799
116,2021-04-18,Brazil,SE,TOTAL,26,3955,661,190234,3955,190234,172.05407,8275.73546,0.02079,170284,2320,386688,16822.05912,273868,11914.05910,102373,4453.52496
116,2021-04-18,Brazil,SP,TOTAL,253,88350,6394,2746217,88350,2746217,192.40381,5980.56157,0.03217,2381499,1088735,12035827,26210.96748,6107125,13299.76368,3032479,6603.96734
116,2021-04-18,Brazil,TO,TOTAL,8,2382,300,153251,2374,152951,151.44329,9743.42379,0.01554,131837,405,462813,29424.82068,145531,9252.60003,48029,3053.59770
116,2021-04-18,Brazil,TOTAL,TOTAL,1522,373671,38838,13950997,373335,13943071,176.46326,6588.25124,0.02678,12303538,5514677,43239204,20419.38216,26210282,12377.60447,9606862,4536.76683
116,2021-04-19,Brazil,AC,TOTAL,15,1433,194,75599,1433,75599,162.48363,8571.94691,0.01896,62798,44233,197954,22445.41831,83807,9502.62774,21765,2467.86895
116,2021-04-19,Brazil,AL,TOTAL,23,3991,331,167039,3991,167039,119.58565,5005.12831,0.02389,158555,8803,402223,12052.14186,415711,12456.29401,145560,4361.53519
116,2021-04-19,Brazil,AM,TOTAL,25,12396,442,364028,12396,364028,299.08819,8783.19412,0.03405,311360,410,909902,21953.93183,535545,12921.52168,196756,4747.28906
116,2021-04-19,Brazil,AP,TOTAL,10,1477,258,103374,1477,103374,174.64182,12223.03546,0.01429,75190,2205,169813,20078.84304,78508,9282.85708,26543,3138.46838
116,2021-04-19,Brazil,BA,TOTAL,68,17371,1430,863764,17371,863764,116.79503,5807.57267,0.02011,830817,190000,1978117,13299.99656,2065396,13886.82251,641440,4312.76299
116,2021-04-19,Brazil,CE,TOTAL,72,16307,734,623781,16235,623047,178.56834,6830.65782,0.02614,426928,87297,1807699,19795.04555,1160621,12709.27603,436659,4781.59516
116,2021-04-19,Brazil,DF,TOTAL,74,7284,1261,367969,7284,367969,241.57057,12203.52552,0.01980,348450,661,782118,25938.58987,367394,12184.45591,159552,5291.46995
116,2021-04-19,Brazil,ES,TOTAL,103,8776,1710,418642,8764,418457,218.38179,10417.47851,0.02096,389847,242843,1223143,30436.66405,598822,14901.07374,150719,3750.48835
116,2021-04-19,Brazil,GO,TOTAL,232,13908,4133,528546,13691,526028,198.16612,7530.91109,0.02631,501732,427613,1044078,14876.39409,750769,10697.22331,252006,3590.67097
116,2021-04-19,Brazil,MA,TOTAL,41,6907,1371,257369,6907,257369,97.62294,3637.63132,0.02684,230904,2815,619742,8759.38015,693456,9801.24749,229108,3238.19278
116,2021-04-19,Brazil,MG,TOTAL,88,30397,1872,1281421,30397,1281421,143.59346,6053.34995,0.02372,1167827,2675975,3605959,17034.31717,2652291,12529.25120,976071,4610.89630
116,2021-04-19,Brazil,MS,TOTAL,58,5282,1092,238806,5224,237714,190.06933,8593.27827,0.02212,219268,2538,723933,26050.25718,429810,15466.43272,179034,6442.42180
116,2021-04-19,Brazil,MT,TOTAL,84,9168,1896,344792,9012,342720,263.11062,9895.11736,0.02659,320566,48576,1039067,29819.97815,326383,9366.80111,115492,3314.48205
116,2021-04-19,Brazil,PA,TOTAL,119,12019,2787,453979,11900,451192,139.70927,5277.06758,0.02647,421399,720,980727,11400.00453,948022,11019.84048,370805,4310.25013
116,2021-04-19,Brazil,PB,TOTAL,34,6478,904,280967,6478,280967,161.21939,6992.48680,0.02306,194389,77408,763570,19003.13255,583738,14527.61448,202721,5045.16159
116,2021-04-19,Brazil,PE,TOTAL,36,13248,1020,383184,13248,383184,138.61988,4009.42925,0.03457,324576,8487,1493167,15623.68847,1179157,12338.05839,425092,4447.93180
116,2021-04-19,Brazil,PI,TOTAL,22,4802,1381,229291,4780,227910,146.70538,7005.04426,0.02094,221790,3678,655602,20029.22498,364353,11131.30864,114645,3502.50685
116,2021-04-19,Brazil,PR,TOTAL,75,20424,2701,909691,20424,909691,178.62582,7956.04706,0.02245,648889,12241,2874680,25141.60233,1430471,12510.72573,481039,4207.10870
116,2021-04-19,Brazil,RJ,TOTAL,108,41418,916,704265,41418,704265,239.89653,4079.16203,0.05881,653975,52017,2313502,13399.99790,1862896,10790.05010,533714,3091.31632
116,2021-04-19,Brazil,RN,TOTAL,30,5195,225,215460,5126,213447,148.13852,6143.97011,0.02411,150649,52838,679086,19364.54137,427539,12191.52899,134984,3849.14908
116,2021-04-19,Brazil,RO,TOTAL,53,4854,725,205207,4854,205207,273.12242,11546.48398,0.02365,180089,278705,529325,29783.79215,159641,8982.59928,47280,2660.32720
116,2021-04-19,Brazil,RR,TOTAL,6,1451,167,93957,1445,93790,239.53341,15510.57265,0.01544,86691,41093,219083,36166.57395,62384,10298.45104,32251,5324.04694
116,2021-04-19,Brazil,RS,TOTAL,79,23271,738,922550,23271,922550,204.53996,8108.73359,0.02522,884729,13610,3520687,30945.00344,1985961,17455.56193,579946,5097.42302
116,2021-04-19,Brazil,SC,TOTAL,82,12664,1973,857875,12664,857875,176.75331,11973.48756,0.01476,825401,148451,1827719,25509.74293,899501,12554.46777,377377,5267.10630
116,2021-04-19,Brazil,SE,TOTAL,27,3982,1303,191537,3982,191537,173.22865,8332.41977,0.02079,170284,2320,386688,16822.05912,277283,12062.62159,106409,4629.10276
116,2021-04-19,Brazil,SP,TOTAL,178,88528,4083,2750300,88528,2750300,192.79145,5989.45331,0.03219,2407888,1088735,12035827,26210.96748,6220127,13545.85327,3216558,7004.84455
116,2021-04-19,Brazil,TO,TOTAL,14,2396,875,154126,2382,153251,152.33338,9799.05472,0.01555,131837,405,462813,29424.82068,147641,9386.75005,49726,3161.48992
116,2021-04-19,Brazil,TOTAL,TOTAL,1756,375427,36522,13987519,374682,13973695,177.29252,6605.49847,0.02684,12346828,5514677,43246224,20422.69730,26707227,12612.28293,10203252,4818.40743
116,2021-04-20,Brazil,AC,TOTAL,12,1445,41,75640,1445,75640,163.84427,8576.59578,0.01910,62798,44233,197954,22445.41831,85897,9739.60666,22324,2531.25230
116,2021-04-20,Brazil,AL,TOTAL,23,4014,362,167401,4014,167401,120.27482,5015.97522,0.02398,159468,8803,407637,12214.36604,416096,12467.83008,146186,4380.29255
116,2021-04-20,Brazil,AM,TOTAL,35,12431,734,364762,12431,364762,299.93266,8800.90392,0.03408,311360,410,909902,21953.93183,544300,13132.76056,203297,4905.10899
116,2021-04-20,Brazil,AP,TOTAL,6,1483,246,103620,1483,103620,175.35126,12252.12272,0.01431,75190,2205,169813,20078.84304,79197,9364.32506,28094,3321.86002
116,2021-04-20,Brazil,BA,TOTAL,85,17456,4283,868047,17456,868047,117.36654,5836.36969,0.02011,834831,190000,1978117,13299.99656,2112152,14201.18948,686842,4618.02625
116,2021-04-20,Brazil,CE,TOTAL,145,16452,3911,627692,16307,623781,180.15615,6873.48487,0.02621,428865,87297,1813210,19855.39326,1187265,13001.03876,476473,5217.57480
116,2021-04-20,Brazil,DF,TOTAL,60,7344,955,368924,7344,368924,243.56044,12235.19767,0.01991,350781,661,782118,25938.58987,370929,12301.69259,175184,5809.89816
116,2021-04-20,Brazil,ES,TOTAL,116,8892,1924,420566,8875,420366,221.26834,10465.35528,0.02114,392396,242843,1223143,30436.66405,608652,15145.68325,156697,3899.24477
116,2021-04-20,Brazil,GO,TOTAL,176,14084,3371,531917,13929,529224,200.67383,7578.94230,0.02648,506142,427613,1057704,15070.54218,750769,10697.22331,252006,3590.67097
116,2021-04-20,Brazil,MA,TOTAL,44,6951,1282,258651,6951,258651,98.24484,3655.75100,0.02687,230904,2815,619742,8759.38015,710366,10040.25197,241515,3413.55225
116,2021-04-20,Brazil,MG,TOTAL,129,30526,4850,1286271,30526,1286271,144.20285,6076.26104,0.02373,1173894,2675975,3605959,17034.31717,2726116,12877.99572,1047775,4949.62136
116,2021-04-20,Brazil,MS,TOTAL,53,5335,1112,239918,5282,238806,191.97650,8633.29286,0.02224,220401,2538,726235,26133.09315,443358,15953.94867,190187,6843.75524
116,2021-04-20,Brazil,MT,TOTAL,65,9233,1951,346743,9078,344626,264.97604,9951.10872,0.02663,324630,48576,1039067,29819.97815,326401,9367.31769,115525,3315.42911
116,2021-04-20,Brazil,PA,TOTAL,146,12165,2649,456628,12019,453979,141.40638,5307.85965,0.02664,425540,720,980727,11400.00453,952762,11074.93841,388119,4511.50867
116,2021-04-20,Brazil,PB,TOTAL,42,6520,1072,282039,6520,282039,162.26466,7019.16589,0.02312,194932,77408,763570,19003.13255,585154,14562.85478,203893,5074.32941
116,2021-04-20,Brazil,PE,TOTAL,69,13317,2843,386027,13317,386027,139.34185,4039.17686,0.03450,324576,8487,1493167,15623.68847,1208621,12646.35368,451973,4729.19998
116,2021-04-20,Brazil,PI,TOTAL,28,4830,1661,230952,4802,229291,147.56080,7055.78929,0.02091,223176,3678,658357,20113.39269,369191,11279.11385,125920,3846.96814
116,2021-04-20,Brazil,PR,TOTAL,204,20628,3803,913494,20628,913494,180.40998,7989.30764,0.02258,654855,12241,2902061,25381.07324,1458539,12756.20505,528642,4623.43876
116,2021-04-20,Brazil,RJ,TOTAL,327,41745,4159,708424,41745,708424,241.79055,4103.25131,0.05893,653975,52017,2313502,13399.99790,1919685,11118.97676,559330,3239.68634
116,2021-04-20,Brazil,RN,TOTAL,0,5195,0,215460,5156,213668,148.13852,6143.97011,0.02411,150649,52838,679086,19364.54137,435235,12410.98501,146946,4190.25263
116,2021-04-20,Brazil,RO,TOTAL,60,4914,882,206089,4914,206089,276.49847,11596.11192,0.02384,187548,278705,543341,30572.43737,162863,9163.89315,49833,2803.97811
116,2021-04-20,Brazil,RR,TOTAL,15,1466,313,94270,1451,93957,242.00964,15562.24319,0.01555,89008,41093,222976,36809.23665,62680,10347.31520,32813,5416.82281
116,2021-04-20,Brazil,RS,TOTAL,244,23515,6252,928802,23515,928802,206.68459,8163.68541,0.02532,892039,13610,3541688,31129.59128,1990217,17492.96996,582369,5118.71993
116,2021-04-20,Brazil,SC,TOTAL,96,12760,3284,861159,12760,861159,178.09320,12019.32283,0.01482,825401,148451,1827719,25509.74293,899501,12554.46777,377377,5267.10630
116,2021-04-20,Brazil,SE,TOTAL,27,4009,1005,192542,4009,192542,174.40323,8376.14021,0.02082,175573,2320,406505,17684.15658,284960,12396.59355,116580,5071.57101
116,2021-04-20,Brazil,SP,TOTAL,1122,89650,19060,2769360,89650,2769360,195.23488,6030.96114,0.03237,2423528,1088735,12035827,26210.96748,6345104,13818.02136,3369603,7338.13760
116,2021-04-20,Brazil,TO,TOTAL,18,2414,638,154764,2396,154126,153.47779,9839.61762,0.01560,133331,405,465487,29594.82880,148063,9413.58005,50129,3187.11193
116,2021-04-20,Brazil,TOTAL,TOTAL,3347,378774,72643,14060162,378003,14043076,178.87311,6639.80357,0.02694,12425791,5514677,43364614,20478.60607,27184073,12837.46980,10725632,5065.09738
116,2021-04-21,Brazil,AC,TOTAL,4,1449,239,75879,1449,75879,164.29782,8603.69528,0.01910,62798,44233,197954,22445.41831,85893,9739.15311,22325,2531.36569
116,2021-04-21,Brazil,AL,TOTAL,20,4034,871,168272,4034,168272,120.87409,5042.07371,0.02397,159468,8803,407637,12214.36604,416096,12467.83008,146186,4380.29255
116,2021-04-21,Brazil,AM,TOTAL,23,12454,671,365433,12454,365433,300.48760,8817.09368,0.03408,311360,410,909902,21953.93183,546929,13196.19254,203855,4918.57230
116,2021-04-21,Brazil,AP,TOTAL,5,1488,113,103733,1488,103733,175.94247,12265.48394,0.01434,75190,2205,169813,20078.84304,79197,9364.32506,28094,3321.86002
116,2021-04-21,Brazil,BA,TOTAL,118,17574,3625,871672,17574,871672,118.15992,5860.74261,0.02016,834831,190000,1978117,13299.99656,2143424,14411.44878,728608,4898.84263
116,2021-04-21,Brazil,CE,TOTAL,141,16593,6917,634609,16572,631936,181.70016,6949.22886,0.02615,433321,87297,1826421,20000.05913,1203384,13177.54842,502894,5506.89558
116,2021-04-21,Brazil,DF,TOTAL,44,7388,884,369808,7388,369808,245.01968,12264.51513,0.01998,350781,661,782118,25938.58987,371394,12317.11410,177875,5899.14396
116,2021-04-21,Brazil,ES,TOTAL,23,8915,1511,422077,8913,422024,221.84067,10502.95497,0.02112,393316,242843,1223143,30436.66405,608652,15145.68325,156697,3899.24477
116,2021-04-21,Brazil,GO,TOTAL,81,14165,818,532735,14104,532302,201.82795,7590.59745,0.02659,507183,427613,1060095,15104.61000,750834,10698.14945,252088,3591.83934
116,2021-04-21,Brazil,MA,TOTAL,40,6991,918,259569,6991,259569,98.81019,3668.72593,0.02693,230904,2815,619742,8759.38015,723795,10230.05631,250154,3535.65513
116,2021-04-21,Brazil,MG,TOTAL,468,30994,11905,1298176,30994,1298176,146.41365,6132.49949,0.02388,1173894,2675975,3605959,17034.31717,2726116,12877.99572,1047775,4949.62136
116,2021-04-21,Brazil,MS,TOTAL,39,5374,749,240667,5335,239918,193.37989,8660.24514,0.02233,220401,2538,726235,26133.09315,445186,16019.72806,191868,6904.24493
116,2021-04-21,Brazil,MT,TOTAL,63,9296,1072,347815,9139,345755,266.78406,9981.87384,0.02673,325918,48576,1039067,29819.97815,326401,9367.31769,115525,3315.42911
116,2021-04-21,Brazil,PA,TOTAL,98,12263,1333,457961,12165,456628,142.54554,5323.35449,0.02678,425540,720,980727,11400.00453,957588,11131.03600,407528,4737.11955
116,2021-04-21,Brazil,PB,TOTAL,29,6549,1108,283147,6549,283147,162.98639,7046.74093,0.02313,194932,77408,763570,19003.13255,585154,14562.85478,203893,5074.32941
116,2021-04-21,Brazil,PE,TOTAL,63,13380,2480,388507,13380,388507,140.00105,4065.12623,0.03444,324576,8487,1493167,15623.68847,1221859,12784.86892,469830,4916.04593
116,2021-04-21,Brazil,PI,TOTAL,28,4858,1097,232049,4830,230952,148.41623,7089.30361,0.02094,225890,3678,663918,20283.28619,371962,11363.77037,131576,4019.76398
116,2021-04-21,Brazil,PR,TOTAL,181,20809,3947,917441,20809,917441,181.99299,8023.82762,0.02268,654855,12241,2902061,25381.07324,1471232,12867.21649,548988,4801.38241
116,2021-04-21,Brazil,RJ,TOTAL,365,42110,4101,712525,42110,712525,243.90466,4127.00465,0.05910,653975,52017,2313502,13399.99790,1931318,11186.35607,570991,3307.22783
116,2021-04-21,Brazil,RN,TOTAL,66,5261,1323,216783,5185,214488,150.02055,6181.69624,0.02427,150649,52838,679086,19364.54137,439008,12518.57435,150350,4287.31971
116,2021-04-21,Brazil,RO,TOTAL,25,4939,941,207030,4939,207030,277.90516,11649.05963,0.02386,187548,278705,543341,30572.43737,163323,9189.77620,50170,2822.94026
116,2021-04-21,Brazil,RR,TOTAL,0,1466,296,94566,1466,94270,242.00964,15611.10735,0.01550,89008,41093,222976,36809.23665,62681,10347.48028,32814,5416.98789
116,2021-04-21,Brazil,RS,TOTAL,175,23690,6168,934970,23690,934970,208.22275,8217.89891,0.02534,892039,13610,3541688,31129.59128,1992474,17512.80781,584276,5135.48146
116,2021-04-21,Brazil,SC,TOTAL,82,12842,2683,863842,12842,863842,179.23768,12056.76986,0.01487,825401,148451,1827719,25509.74293,899501,12554.46777,377377,5267.10630
116,2021-04-21,Brazil,SE,TOTAL,25,4034,729,193271,4034,193271,175.49080,8407.85384,0.02087,175573,2320,406505,17684.15658,288811,12564.12331,121645,5291.91333
116,2021-04-21,Brazil,SP,TOTAL,977,90627,17123,2786483,90627,2786483,197.36254,6068.25067,0.03252,2423528,1088735,12035827,26210.96748,6557778,14281.17120,3426190,7461.36968
116,2021-04-21,Brazil,TO,TOTAL,14,2428,366,155130,2414,154764,154.36789,9862.88724,0.01565,133331,405,465487,29594.82880,148063,9413.58005,50129,3187.11193
116,2021-04-21,Brazil,TOTAL,TOTAL,3197,381971,73988,14134150,381475,14122795,180.38287,6674.74384,0.02702,12436210,5514677,43385777,20488.60014,27518053,12995.18929,10949701,5170.91224
116,2021-04-22,Brazil,AC,TOTAL,9,1458,333,76212,1458,76212,165.31831,8641.45317,0.01913,63119,44233,200559,22740.79155,86103,9762.96439,22457,2546.33278
116,2021-04-22,Brazil,AL,TOTAL,20,4054,475,168747,4054,168747,121.47337,5056.30653,0.02402,160829,8803,412099,12348.06465,416138,12469.08856,146186,4380.29255
116,2021-04-22,Brazil,AM,TOTAL,20,12474,536,365969,12474,365969,300.97015,8830.02618,0.03408,311360,410,909902,21953.93183,560051,13512.79750,213656,5155.04885
116,2021-04-22,Brazil,AP,TOTAL,9,1497,227,103960,1497,103960,177.00664,12292.32463,0.01440,76149,2205,169813,20078.84304,79197,9364.32506,28094,3321.86002
116,2021-04-22,Brazil,BA,TOTAL,113,17687,2160,873832,17687,873832,118.91968,5875.26551,0.02024,840641,190000,1978117,13299.99656,2174605,14621.09623,772201,5191.94296
116,2021-04-22,Brazil,CE,TOTAL,83,16676,5979,640588,16635,638199,182.60904,7014.70136,0.02603,433321,87297,1826421,20000.05913,1207843,13226.37630,513792,5626.23315
116,2021-04-22,Brazil,DF,TOTAL,52,7440,878,370686,7440,370686,246.74424,12293.63360,0.02007,353241,661,782118,25938.58987,375706,12460.11963,190706,6324.67827
116,2021-04-22,Brazil,ES,TOTAL,96,9011,1897,423974,9000,423834,224.22953,10550.15988,0.02125,395538,242843,1247688,31047.44130,608733,15147.69885,156746,3900.46409
116,2021-04-22,Brazil,GO,TOTAL,71,14236,2513,535248,14182,533788,202.83958,7626.40357,0.02660,509499,427613,1065450,15180.90994,750915,10699.30357,252204,3593.49215
116,2021-04-22,Brazil,MA,TOTAL,41,7032,736,260305,7032,260305,99.38968,3679.12849,0.02701,234573,2815,628286,8880.14031,735229,10391.66348,261230,3692.20236
116,2021-04-22,Brazil,MG,TOTAL,392,31386,4452,1302628,31386,1302628,148.26543,6153.53045,0.02409,1191903,2675975,3605959,17034.31717,2762878,13051.65704,1087468,5137.12852
116,2021-04-22,Brazil,MS,TOTAL,0,5374,0,240667,5374,240667,193.37989,8660.24514,0.02233,222597,2538,731262,26313.98647,447304,16095.94291,195158,7022.63344
116,2021-04-22,Brazil,MT,TOTAL,80,9376,1895,349710,9218,347396,269.07997,10036.25807,0.02681,328101,48576,1039067,29819.97815,326509,9370.41716,115742,3321.65675
116,2021-04-22,Brazil,PA,TOTAL,91,12354,2345,460306,12263,457961,143.60332,5350.61285,0.02684,429413,720,980727,11400.00453,962375,11186.68025,425633,4947.57270
116,2021-04-22,Brazil,PB,TOTAL,27,6576,1042,284189,6576,284189,163.65834,7072.67341,0.02314,195396,77408,763570,19003.13255,585430,14569.72365,204160,5080.97429
116,2021-04-22,Brazil,PE,TOTAL,45,13425,1202,389709,13425,389709,140.47191,4077.70330,0.03445,330763,8487,1493167,15623.68847,1239014,12964.36952,489701,5123.96528
116,2021-04-22,Brazil,PI,TOTAL,28,4886,1179,233228,4858,232049,149.27165,7125.32311,0.02095,225890,3678,663918,20283.28619,375246,11464.09950,139123,4250.33155
116,2021-04-22,Brazil,PR,TOTAL,150,20959,2584,920025,20959,920025,183.30487,8046.42697,0.02278,659225,12241,2918793,25527.40928,1505762,13169.21167,606243,5302.12769
116,2021-04-22,Brazil,RJ,TOTAL,252,42362,3578,716103,42362,716103,245.36426,4147.72872,0.05916,655639,52017,2313502,13399.99790,1947196,11278.32278,582556,3374.21328
116,2021-04-22,Brazil,RN,TOTAL,0,5261,0,216783,5222,214974,150.02055,6181.69624,0.02427,150649,52838,679086,19364.54137,445901,12715.13234,164672,4695.72007
116,2021-04-22,Brazil,RO,TOTAL,28,4967,563,207593,4967,207593,279.48065,11680.73823,0.02393,190718,278705,547245,30792.10567,166821,9386.59990,51277,2885.22838
116,2021-04-22,Brazil,RR,TOTAL,0,1466,0,94566,1466,94566,242.00964,15611.10735,0.01550,89008,41093,224924,37130.81562,62719,10353.75338,32845,5422.10542
116,2021-04-22,Brazil,RS,TOTAL,62,23752,869,935839,23752,935839,208.76770,8225.53697,0.02538,899756,13610,3560856,31298.06801,2003855,17612.84087,595730,5236.15615
116,2021-04-22,Brazil,SC,TOTAL,74,12916,1708,865550,12916,865550,180.27051,12080.60867,0.01492,833192,148451,1827719,25509.74293,899501,12554.46777,377377,5267.10630
116,2021-04-22,Brazil,SE,TOTAL,27,4061,1041,194312,4061,194312,176.66538,8453.14039,0.02090,176222,2320,409833,17828.93432,292777,12736.65591,128604,5594.65018
116,2021-04-22,Brazil,SP,TOTAL,183,90810,7267,2793750,90810,2793750,197.76106,6084.07635,0.03250,2436590,1088735,12035827,26210.96748,6693199,14576.08366,3557631,7747.61472
116,2021-04-22,Brazil,TO,TOTAL,0,2428,0,155130,2428,155130,154.36789,9862.88724,0.01565,136479,405,468526,29788.04297,148063,9413.58005,50129,3187.11193
116,2021-04-22,Brazil,TOTAL,TOTAL,1953,383924,45459,14179609,383502,14167973,181.30516,6696.21150,0.02708,12529811,5514677,43484434,20535.19015,27859070,13156.23195,11361321,5365.29663
